{"cameraMode":{"drawMode":0,"name":"Shaded","section":"Shading Mode"},"sceneLighting":true,"audioPlay":false,"sceneViewState":{"m_AlwaysRefresh":false,"showFog":true,"showSkybox":true,"showFlares":true,"showImageEffects":true,"showParticleSystems":true,"showVisualEffectGraphs":true,"m_FxEnabled":true},"in2DMode":false,"pivot":{"x":-0.6385321617126465,"y":-1.4996309280395508,"z":9.288355827331543},"rotation":{"x":-0.021641811355948449,"y":0.9724358916282654,"z":-0.10057515650987625,"w":-0.20924973487854005},"size":12.035792350769043,"orthographic":false}